{"RAS-B05E2KVG": 591.0, "RAS-B07E2KVG": 594.0, "RAS-B10E2KVG": 637.0, "RAS-B13E2KVG": 832.0, "RAS-B16E2KVG": 1057.0, "RAS-B07G3KVSG": 849.0, "RAS-B10G3KVSG": 961.0, "RAS-B13G3KVSG": 1164.0, "RAS-B16G3KVSG": 1533.0, "RAS-B18G3KVSG": 1642.0, "RAS-B10N4KVRG": 1068.0, "RAS-B16N4KVRG": 1636.999999, "FTXF20F/RXF20F": 619.0, "FTXF25F/RXF25F": 645.0, "FTXF35F/RXF35F": 787.0, "FTXF50F/RXF50D": 1280.0, "FTXF71F/RXF71D": 1991.0, "FTXA25AW/RXA25A": 1321.0, "MSZ-HR25VFK/MUZ-HR25VF": 610.0, "MSZ-AY15VGK": 394.0, "ASYH7KJCA.UI/AOYH7KJCA.UE": 1039.0, "ASYH9KJCA.UI/AOYH9KJCA.UE": 1149.0, "ASYH12KJCA.UI/AOYH12KJCA.UE": 1329.0, "ASYH14KJCA.UI/AOYH14KJCA.UE": 1609.0, "A12GA2.NSE/A12GA2.U18": 2015.0, "AR07TXHQASINEU/AR07TXHQASIXEU": 495.0, "AR12TXHQASINEU/AR12TXHQASIXEU": 555.0, "AR24TXHQASINEU/AR24TXHQASIXEU": 1219.0, "RAS-2M10G3AVG-E": 998.0, "RAS-2M14G3AVG-E": 998.0, "RAS-2M18G3AVG-E": 998.0, "RAS-3M18G3AVG-E": 998.0, "RAS-3M26G3AVG-E": 998.0, "RAS-4M27G3AVG-E": 998.0, "RAS-5M34G3AVG-E": 998.0, "RAS-B05B2KVG-E": 241.000001, "RAS-B07B2KVG-E": 241.000001, "RAS-B10B2KVG-E": 241.000001, "RAS-B13B2KVG-E": 241.000001, "RAS-B16B2KVG-E": 241.000001, "BISPLIT-YUKAI-05-13": 1878.0, "ASYH7KJCA/AOYH7KJCA": 1039.0, "ASYH9KJCA/AOYH9KJCA": 1149.0, "ASYH12KJCA/AOYH12KJCA": 1329.0, "ASYH14KJCA/AOYH14KJCA": 1609.0, "AR07TXHQASINEU": 495.0, "AR12TXHQASINEU": 555.0, "AR24TXHQASINEU": 1219.0, "FTXP25N/RXP25N": 963.0, "FTXP35N/RXP35N": 1072.999999, "FTXP50N/RXP50N": 1779.0, "FTXM35R/RXM35R": 1268.0, "MSZ-HR25VFK": 610.0, "MSZ-HR35VFK": 757.0, "MSZ-HR50VFK": 1132.0, "MSZ-AP25VGK": 984.0, "MSZ-AP35VGK": 1079.0, "ASYH7KJCA": 1039.0, "ASYH9KJCA": 1149.0, "ASYH12KJCA": 1329.0, "ASYH14KJCA": 1609.0, "EZ09CYN": 669.0, "EZ12CYN": 729.0, "EZ18CYN": 1049.0, "EZ24CYN": 1409.0, "A12GA2": 2015.0, "AR07TXHQ": 495.0, "AR12TXHQ": 555.0, "AR24TXHQ": 1219.0, "AR07BXEA": 659.0, "AR09BXEA": 689.0, "AR12BXEA": 759.0, "AR18BXEA": 1099.0, "AR09BXCA": 1459.0, "AR12BXCA": 719.0, "AR18BXCA": 777.0, "AR24BXCA": 1199.0, "FTXM20R/RXM20R": 1074.0, "FTXM25R/RXM25R": 1111.0, "FTXM50R/RXM50R": 2189.0, "MSZ-EF25VGKW": 1082.0, "MSZ-EF35VGKW": 1252.0, "MSZ-LN25VG2W": 1555.0, "MSZ-LN35VG2W": 1837.0, "H09S1P": 1269.0, "H12S1P": 1329.0}